year,expenditure_bracket,bracket_order,food_total,nonfood_total,total_consumption,food_ratio,nonfood_ratio,Bahan_minuman,Barang_dan_jasa,Barang_yang_tahan_lama,Biaya_kesehatan,Biaya_pendidikan,Buah_buahan,Bumbu_bumbuan,Daging,Ikan,Kacang_kacangan,Keperluan_pesta_dan_upacara,Konsumsi_lainnya,Minyak_dan_lemak,Padi_padian,Pajak_pemakaian_dan_premi_asuransi,Pakaian_alas_kaki_dan_tutup_kepala,Perumahan_bahan_bakar_penerangan_air,Sayur_sayuran,Telur_dan_susu,Tembakau_dan_sirih,Umbi_umbian,cv_consumption,period,year_index,is_covid,is_post_covid,cluster_kmeans,cluster_hierarchical,cluster_gmm,cluster_final
2013,1 000 000 dan lebih,8,469209.0,899407.0,1368616.0,34.28346592470057,65.71653407529942,22244.0,169814.0,232581.0,100731.0,38360.0,38802.0,11477.0,29372.0,58329.0,12576.0,55613.0,12335.0,18655.0,77337.0,24047.0,37337.0,240924.0,51450.0,41766.0,88361.0,6505.0,105.04772078187244,Pre-COVID (2013-2019),0,0,0,2,2,0,0
2013,100 000- 149 999,2,90587.0,39433.0,130020.0,69.6715889863098,30.328411013690204,4745.0,8227.0,335.0,1557.0,5644.0,2374.0,1983.0,169.0,7975.0,2569.0,541.0,1483.0,4077.0,43372.0,595.0,1513.0,21021.0,10302.0,1451.0,6861.0,3226.0,157.832118278798,Pre-COVID (2013-2019),0,0,0,0,0,0,0
2013,150 000- 199 999,3,114026.0,54971.0,168997.0,67.47220364858548,32.52779635141452,6686.0,12215.0,658.0,2560.0,6904.0,3249.0,2693.0,1096.0,9183.0,3791.0,481.0,2220.0,5577.0,47289.0,1081.0,2248.0,28824.0,13943.0,3159.0,11544.0,3596.0,137.99324759054622,Pre-COVID (2013-2019),0,0,0,0,0,0,0
2013,200 000- 299 999,4,153162.0,78611.0,231773.0,66.08276201283152,33.91723798716848,8858.0,19115.0,1510.0,3783.0,8914.0,5149.0,4218.0,2354.0,13818.0,5733.0,629.0,3622.0,8035.0,52588.0,1811.0,3110.0,39739.0,19764.0,5834.0,20179.0,3010.0,120.4092308804558,Pre-COVID (2013-2019),0,0,0,0,0,0,0
2013,300 000- 499 999,5,215235.0,131898.0,347133.0,62.00361244825471,37.9963875517453,12292.0,34248.0,3697.0,7107.0,12782.0,8931.0,5971.0,5599.0,21724.0,8112.0,1747.0,5391.0,10748.0,59869.0,3527.0,5573.0,63217.0,27790.0,10517.0,34693.0,3598.0,107.956825808847,Pre-COVID (2013-2019),0,0,0,0,0,0,0
2013,500 000- 749 999,6,301449.0,231995.0,533444.0,56.50996168295078,43.49003831704921,16422.0,60010.0,12241.0,14747.0,19363.0,15933.0,7818.0,11667.0,33282.0,9951.0,4419.0,8127.0,13383.0,70880.0,6731.0,11321.0,103163.0,36332.0,18207.0,55336.0,4111.0,102.48826318570504,Pre-COVID (2013-2019),0,0,0,0,0,0,0
2013,750 000- 999 999,7,390893.0,366672.0,757565.0,51.598608700243545,48.401391299756455,19729.0,86698.0,32409.0,26569.0,25806.0,25214.0,9721.0,19919.0,46920.0,11159.0,13054.0,10209.0,16264.0,77894.0,10366.0,19516.0,152254.0,45149.0,28216.0,75342.0,5157.0,98.52645141636576,Pre-COVID (2013-2019),0,0,0,0,0,0,0
2013,Kurang dari 100 000,1,58084.0,20900.0,78984.0,73.53894459637395,26.461055403626048,1527.0,4619.0,230.0,207.0,2255.0,1931.0,1466.0,0.0,5300.0,1303.0,0.0,132.0,2505.0,29722.0,513.0,498.0,12578.0,6430.0,263.0,4203.0,3302.0,165.74867603628115,Pre-COVID (2013-2019),0,0,0,0,0,0,0
2014,1 000 000 dan lebih,8,491154.0,882254.0,1373408.0,35.761696451455066,64.23830354854493,21958.0,182622.0,179500.0,99962.0,35080.0,43139.0,11874.0,33254.0,59406.0,13844.0,62418.0,12704.0,19267.0,78774.0,26813.0,39580.0,256279.0,48399.0,41150.0,98766.0,8619.0,100.70029573741635,Pre-COVID (2013-2019),1,0,0,2,2,0,0
2014,100 000- 149 999,2,89574.0,41123.0,130697.0,68.53562055747263,31.46437944252737,4879.0,9529.0,337.0,1834.0,5729.0,1715.0,2260.0,304.0,8037.0,3202.0,128.0,1765.0,5116.0,39146.0,706.0,1313.0,21547.0,10635.0,2194.0,6463.0,3858.0,144.75468422364534,Pre-COVID (2013-2019),1,0,0,0,0,0,0
2014,150 000- 199 999,3,111401.0,57169.0,168570.0,66.08589903304265,33.91410096695734,6397.0,13294.0,845.0,2265.0,7739.0,3003.0,2804.0,1206.0,9762.0,4075.0,289.0,2456.0,5612.0,46376.0,1032.0,2321.0,29384.0,12854.0,2810.0,10211.0,3835.0,136.7742788019285,Pre-COVID (2013-2019),1,0,0,0,0,0,0
2014,200 000- 299 999,4,153490.0,81931.0,235421.0,65.19809192892733,34.801908071072674,8715.0,21337.0,1230.0,3803.0,9010.0,5499.0,4063.0,2604.0,14333.0,6018.0,642.0,3837.0,7910.0,53929.0,1932.0,3001.0,40976.0,18290.0,5697.0,19423.0,3172.0,121.59737526550086,Pre-COVID (2013-2019),1,0,0,0,0,0,0
2014,300 000- 499 999,5,220536.0,127844.0,348380.0,63.30328951145301,36.69671048854699,11822.0,35615.0,2881.0,6711.0,11239.0,9500.0,6125.0,5620.0,23773.0,8131.0,1650.0,5420.0,11812.0,62374.0,3183.0,5245.0,61320.0,25912.0,10748.0,35422.0,3877.0,108.80004537643752,Pre-COVID (2013-2019),1,0,0,0,0,0,0
2014,500 000- 749 999,6,307749.0,227761.0,535510.0,57.46839461447966,42.53160538552034,15902.0,64502.0,9239.0,13277.0,17918.0,16520.0,8242.0,11622.0,34154.0,10911.0,3168.0,8390.0,14567.0,72999.0,6496.0,10033.0,103128.0,33598.0,18574.0,57799.0,4471.0,104.9907737523636,Pre-COVID (2013-2019),1,0,0,0,0,0,0
2014,750 000- 999 999,7,397060.0,348357.0,745417.0,53.26682917078629,46.73317082921372,19500.0,98155.0,21129.0,24246.0,22818.0,26847.0,10366.0,20023.0,47907.0,12676.0,5594.0,10644.0,17329.0,77956.0,11056.0,17071.0,148288.0,41409.0,28086.0,78332.0,5985.0,102.3456166270744,Pre-COVID (2013-2019),1,0,0,0,0,0,0
2014,Kurang dari 100 000,1,77142.0,14000.0,91142.0,84.63935397511575,15.360646024884248,17143.0,5167.0,0.0,0.0,1500.0,0.0,3214.0,0.0,9643.0,0.0,0.0,0.0,3214.0,25714.0,83.0,5083.0,2167.0,0.0,0.0,0.0,18214.0,101.3232909373831,Pre-COVID (2013-2019),1,0,0,0,0,0,0
2015,1 000 000- 1 499 999,8,469735.0,585488.0,1055223.0,44.51523516830092,55.48476483169908,24633.0,69315.0,68599.0,33629.0,28061.0,33985.0,13626.0,29832.0,53783.0,14608.0,24286.0,14983.0,20226.0,93386.0,20291.0,38449.0,302858.0,42647.0,39533.0,80948.0,7545.0,124.19965666078404,Pre-COVID (2013-2019),2,0,0,2,2,0,0
2015,150 000- 199 999,3,105733.0,60935.0,166668.0,63.43929248566012,36.56070751433988,6411.0,8937.0,823.0,2211.0,6992.0,2818.0,2883.0,968.0,8353.0,3066.0,417.0,2265.0,5683.0,46338.0,1378.0,4615.0,35562.0,10381.0,3171.0,8718.0,4678.0,144.69014929554567,Pre-COVID (2013-2019),2,0,0,0,0,0,0
2015,200 000- 299 999,4,146522.0,86301.0,232823.0,62.932785850195216,37.06721414980479,8296.0,12042.0,1815.0,3852.0,8534.0,4530.0,4164.0,2165.0,12523.0,5182.0,1055.0,3484.0,8477.0,55830.0,2385.0,6739.0,49879.0,14910.0,5538.0,17920.0,3503.0,131.9048056781239,Pre-COVID (2013-2019),2,0,0,0,0,0,0
2015,300 000- 499 999,5,217880.0,132368.0,350248.0,62.20735022041525,37.79264977958475,11880.0,18034.0,4428.0,5699.0,10838.0,8572.0,6346.0,5186.0,21100.0,7173.0,2127.0,5679.0,11646.0,68305.0,3894.0,10591.0,76757.0,21215.0,10425.0,36344.0,4009.0,121.28824847768648,Pre-COVID (2013-2019),2,0,0,0,0,0,0
2015,500 000- 749 999,6,294725.0,238296.0,533021.0,55.293318649734246,44.70668135026575,15660.0,30847.0,12503.0,11372.0,15616.0,13745.0,8237.0,10520.0,30075.0,9329.0,4957.0,8373.0,13646.0,76896.0,7039.0,18281.0,137681.0,27201.0,17263.0,58763.0,5017.0,123.35434907159872,Pre-COVID (2013-2019),2,0,0,0,0,0,0
2015,750 000- 999 999,7,384083.0,374387.0,758470.0,50.63918151014543,49.36081848985457,20200.0,46333.0,30986.0,19221.0,21022.0,22684.0,10728.0,18807.0,41912.0,11889.0,10267.0,11656.0,17078.0,86921.0,11548.0,27079.0,207931.0,35325.0,26901.0,74011.0,5971.0,123.02706762559808,Pre-COVID (2013-2019),2,0,0,0,0,0,0
2015,< 150 000,3,82703.0,44330.0,127033.0,65.10355576897342,34.896444231026585,5082.0,5910.0,412.0,1263.0,5486.0,1756.0,2143.0,619.0,5867.0,2001.0,313.0,1494.0,4880.0,35364.0,1016.0,2946.0,26984.0,8486.0,1472.0,4655.0,8884.0,146.00053943817483,Pre-COVID (2013-2019),2,0,0,0,0,0,0
2015,> 1 500 000,9,670477.0,1641550.0,2312027.0,28.99953157986477,71.00046842013523,31847.0,179460.0,449588.0,89784.0,52220.0,63504.0,21285.0,56336.0,82815.0,18392.0,126095.0,19473.0,26005.0,107680.0,58670.0,76176.0,609557.0,57018.0,71768.0,103177.0,11177.0,133.95022242926626,Pre-COVID (2013-2019),2,0,0,2,2,0,0
2016,1 000 000- 1 499 999,8,489847.0,544310.0,1034157.0,47.36679246961535,52.63320753038465,24673.0,64869.0,57681.0,28198.0,26142.0,28282.0,14138.0,29321.0,52776.0,13520.0,18821.0,14091.0,19111.0,86707.0,20419.0,37967.0,290213.0,51286.0,36414.0,107976.0,11552.0,123.3426899144782,Pre-COVID (2013-2019),3,0,0,2,2,0,0
2016,150 000- 199 999,3,100802.0,1733760.0,1834562.0,5.4946085223611965,94.5053914776388,6012.0,8822.0,888000.0,2514.0,7066.0,2306.0,3304.0,1288.0,7668.0,3924.0,782000.0,2428.0,4993.0,42515.0,2748.0,5256.0,37354.0,11024.0,3833.0,9813.0,1694.0,285.43452561983,Pre-COVID (2013-2019),3,0,0,1,1,1,1
2016,200 000- 299 999,4,140828.0,95089.0,235917.0,59.69387538837812,40.30612461162188,8473.0,12723.0,1775.0,3620.0,9331.0,3365.0,4207.0,2481.0,11711.0,4911.0,1189.0,3379.0,7069.0,52212.0,3816.0,7609.0,55026.0,16122.0,5776.0,17951.0,3171.0,131.99805404214365,Pre-COVID (2013-2019),3,0,0,0,0,0,0
2016,300 000- 499 999,5,203273.0,150363.0,353636.0,57.48085602144578,42.51914397855422,11572.0,19442.0,4230.0,6489.0,12907.0,6372.0,6219.0,5292.0,18019.0,6895.0,2348.0,5350.0,9503.0,61282.0,5531.0,12310.0,87106.0,23310.0,9939.0,35771.0,3749.0,124.90304770174984,Pre-COVID (2013-2019),3,0,0,0,0,0,0
2016,500 000- 749 999,6,296564.0,243065.0,539629.0,54.95701676522204,45.04298323477797,15954.0,30659.0,11010.0,11550.0,17476.0,11718.0,8799.0,10638.0,29613.0,9177.0,4911.0,8047.000000000001,12892.0,73432.0,8557.0,19672.0,139230.0,32906.0,17229.0,62964.0,3195.0,123.13520838813623,Pre-COVID (2013-2019),3,0,0,0,0,0,0
2016,750 000- 999 999,7,390593.0,357837.0,748430.0,52.18831420440121,47.811685795598784,19976.0,43797.0,24188.0,17822.0,20171.0,18168.0,11475.0,17979.0,40912.0,11149.0,9369.0,11103.0,16123.000000000002,80901.0,12318.0,26548.0,203624.0,42381.0,25139.0,86242.0,9045.0,123.61620601671444,Pre-COVID (2013-2019),3,0,0,0,0,0,0
2016,< 150 000,3,535322.0,1038126.0,1573448.0,34.02222380402784,65.97777619597215,4310.0,5425.0,704000.0,1055.0,3860.0,2261.0,2419.0,2194.0,10944.0,453000.0,290000.0,1381.0,4617.0,21369.0,1371.0,2589.0,29826.0,10059.0,2131.0,7088.0,13549.0,244.08926182093683,Pre-COVID (2013-2019),3,0,0,2,2,2,2
2016,> 1 500 000,9,672310.0,1370084.0,2042394.0,32.91774260989799,67.082257390102,31764.0,164403.0,333501.0,79394.0,45780.0,51948.0,17951.0,52337.0,77118.0,16977.0,99024.0,18257.0,24251.0,95444.0,50465.0,70067.0,527450.0,67551.0,63478.0,143667.0,11567.0,125.06139560845452,Pre-COVID (2013-2019),3,0,0,2,2,0,0
2017,1 000 000- 1 499 999,8,501504.0,502603.0,1004107.0,49.94527475657475,50.05472524342526,24258.0,53847.0,54714.0,29756.0,27951.0,30267.0,13802.0,31796.0,58362.0,14793.0,18756.0,15441.0,19124.0,79598.0,26538.0,39211.0,251830.0,60568.0,34815.0,108113.0,10567.0,110.18412677336218,Pre-COVID (2013-2019),4,0,0,0,0,0,0
2017,150 000- 199 999,3,104803.0,1560633.0,1665436.0,6.292826623178555,93.70717337682144,6793.0,6714.0,993000.0,2405.0,6485.0,2673.0,2749.0,1284.0,8939.0,2942.0,511000.0,2519.0,4801.0,42556.0,5154.0,4675.0,31200.0,13086.0,3439.0,9274.0,3748.0,298.18813866131666,Pre-COVID (2013-2019),4,0,0,1,1,1,1
2017,200 000- 299 999,4,144070.0,84561.0,228631.0,63.01420192362366,36.98579807637634,8777.0,9556.0,2287.0,3961.0,8420.0,4207.0,3759.0,3429.0,11825.0,4955.0,1066.0,3685.0,6868.0,51740.0,6850.0,6831.0,45590.0,18089.0,6122.0,17027.0,3587.0,122.50003906388638,Pre-COVID (2013-2019),4,0,0,0,0,0,0
2017,300 000- 499 999,5,208941.0,135655.0,344596.0,60.63361153350591,39.366388466494094,11990.0,14257.0,5658.0,6690.0,11090.0,7172.0,5440.0,7666.0,19393.0,7171.0,2329.0,5852.0,9133.0,60550.0,10842.0,10515.0,74274.0,25465.0,11036.0,34281.0,3792.0,113.63032461354793,Pre-COVID (2013-2019),4,0,0,0,0,0,0
2017,500 000- 749 999,6,298088.0,219595.0,517683.0,57.581183851893925,42.41881614810608,15696.0,24426.0,12202.0,11192.0,17098.0,12934.0,8194.0,12816.0,32375.0,9376.0,4295.0,8531.0,12905.0,67505.0,13586.0,18815.0,117981.0,37224.0,16951.0,58773.0,4808.0,109.62278500088613,Pre-COVID (2013-2019),4,0,0,0,0,0,0
2017,750 000- 999 999,7,395308.0,330258.0,725566.0,54.482707293340646,45.51729270665936,19787.0,36168.0,25114.0,18562.0,22272.0,20024.0,10841.0,20075.0,44290.0,12153.0,8586.0,11795.0,16190.000000000002,75125.0,18064.0,27859.0,173633.0,48923.0,24241.0,84801.0,7063.0,109.68688192700388,Pre-COVID (2013-2019),4,0,0,0,0,0,0
2017,< 150 000,3,274189.0,1316370.0,1590559.0,17.238530604649057,82.76146939535094,4567.0,5406.0,573000.0,1633.0,8594.0,1423.0,2453.0,197000.0,3778.0,2405.0,698000.0,2716.0,3973.0,36259.0,3470.0,3791.0,22476.0,9424.0,2379.0,4671.0,3141.0,253.2794150305633,Pre-COVID (2013-2019),4,0,0,1,1,1,1
2017,> 1 500 000,9,671114.0,1218017.0,1889131.0,35.5250112353246,64.4749887646754,31346.0,121954.0,295221.0,78108.0,42652.0,51728.0,17910.0,55826.0,83559.0,17451.0,93960.0,19474.0,23457.0,83501.0,59303.0,67754.0,459065.0,78867.0,54692.0,136768.0,16535.0,116.09816946064753,Pre-COVID (2013-2019),4,0,0,2,2,0,0
2018,1 000 000- 1 499 999,8,483389.0,528168.0,1011557.0,47.78662991803724,52.21337008196275,22778.0,62062.0,50963.0,31159.0,26406.0,33539.0,13973.0,25676.0,56783.0,13834.0,18537.0,13520.0,18087.0,86682.0,27141.0,39579.0,272321.0,51591.0,34309.0,103610.0,9007.0,118.15836697750754,Pre-COVID (2013-2019),5,0,0,2,2,0,0
2018,150 000- 199 999,3,106014.0,1359419.0,1465433.0,7.234312315882063,92.76568768411794,6451.0,7777.0,972000.0,2514.0,6629.0,3030.0,3056.0,1055.0,8907.0,3319.0,330000.0,2295.0,4907.0,45973.0,5379.0,4024.0,31096.0,13060.0,2954.0,8380.0,2627.0,313.15681310460246,Pre-COVID (2013-2019),5,0,0,1,1,1,1
2018,200 000- 299 999,4,142077.0,974136.0,1116213.0,12.72848461718328,87.27151538281672,9071.0,10529.0,1839.0,4096.0,7156.0,4830.0,4086.000000000001,2683.0,12048.0,4934.0,890000.0,3342.0,7098.0,52564.0,6249.0,6033.0,48234.0,17071.0,6605.0,14345.0,3400.0,361.6498303329584,Pre-COVID (2013-2019),5,0,0,1,1,1,1
2018,300 000- 499 999,5,206597.0,137492.0,344089.0,60.04173338874536,39.95826661125464,12818.0,16000.0,4859.0,6512.0,9451.0,8207.0,6044.0,6610.0,18872.0,7585.0,1851.0,5457.0,9380.0,63368.0,10680.0,9333.0,78806.0,24316.0,11081.0,28708.0,4151.0,118.99127208076396,Pre-COVID (2013-2019),5,0,0,0,0,0,0
2018,500 000- 749 999,6,287648.0,227408.0,515056.0,55.84790780031685,44.15209219968314,15621.0,27883.0,10388.0,11357.0,15429.0,14452.0,8763.0,11067.0,31058.0,9201.0,3799.0,7683.0,12368.0,71107.0,14797.0,17617.0,126138.0,33629.0,16491.0,51866.0,4342.0,115.8816278201238,Pre-COVID (2013-2019),5,0,0,0,0,0,0
2018,750 000- 999 999,7,378725.0,343175.0,721900.0,52.46225238952763,47.537747610472366,19031.0,42551.0,21441.0,18911.0,21073.0,21989.0,11148.0,16525.0,43916.0,11185.0,8315.0,10438.0,15301.0,78718.0,18941.0,27766.0,184177.0,43021.0,24079.0,76959.0,6415.0,115.64225041674764,Pre-COVID (2013-2019),5,0,0,0,0,0,0
2018,< 150 000,3,80177.0,604336.0,684513.0,11.712998876573565,88.28700112342644,4065.000000000001,5023.0,276000.0,1787.0,4667.0,1442.0,2192.0,1412.0,7621.0,2524.0,288000.0,1143.0,3255.0,37456.0,3360.0,3196.0,22303.0,8515.0,1600.0,3808.0,5144.0,255.7562242184785,Pre-COVID (2013-2019),5,0,0,1,1,1,1
2018,> 1 500 000,9,648509.0,1256660.0,1905169.0,34.039447419100355,65.96055258089964,28766.0,139245.0,278860.0,78838.0,37991.0,60876.0,17853.0,46139.0,82640.0,16090.0,92400.0,17171.0,21811.0,89401.0,57635.0,69054.0,502637.0,65058.00000000001,56398.0,131970.0,14336.0,123.0169923770774,Pre-COVID (2013-2019),5,0,0,2,2,0,0
2019,1 000 000- 1 499 999,8,477881.0,596655.0,1074536.0,44.47324240416329,55.52675759583672,21780.0,123381.0,48795.0,31326.0,26875.0,32920.0,14033.0,27355.0,57720.0,13400.0,18327.0,12845.0,17274.0,81712.0,30024.0,40427.0,277500.0,48245.0,34482.0,106881.0,9234.0,117.57151424978365,Pre-COVID (2013-2019),6,0,0,2,2,0,0
2019,150 000- 199 999,3,106756.0,1351227.0,1457983.0,7.322170423111929,92.67782957688809,6812.0,16962.0,809000.0,2609.0,6596.0,2986.0,2887.0,3388.0,9159.0,2017.0,474000.0,1370.0,4738.0,46494.0,6716.0,3655.0,31689.0,11719.0,3310.0,7941.0,3935.0,284.79343723375973,Pre-COVID (2013-2019),6,0,0,1,1,1,1
2019,200 000- 299 999,4,142393.0,943120.0,1085513.0,13.1175766665162,86.8824233334838,8512.0,23221.0,2036.0,4130.0,7881.0,4877.0,4034.0,3412.0,12918.0,4477.0,842000.0,2945.0,6475.0,53600.0,7818.0,6416.0,49618.0,16346.0,6418.0,15319.0,3060.0,351.3857369914418,Pre-COVID (2013-2019),6,0,0,1,1,1,1
2019,300 000- 499 999,5,202813.0,156017.0,358830.0,56.52063651311205,43.47936348688794,12043.0,32790.0,4580.0,6805.0,9375.0,7678.0,5891.0,7169.0,19229.0,7120.0,1699.0,5132.0,8700.0,61655.0,11665.0,9629.0,79474.0,22555.0,11680.0,29880.0,4081.000000000001,115.68795433213704,Pre-COVID (2013-2019),6,0,0,0,0,0,0
2019,500 000- 749 999,6,284229.0,260069.0,544298.0,52.21937247610684,47.78062752389316,15152.0,55777.0,10543.0,12029.0,15071.0,13892.0,8680.0,12065.0,31062.0,9026.0,3796.0,7334.0,11627.0,69081.0,16936.0,17886.0,128031.0,31562.0,17096.0,53260.0,4392.0,113.4554864077526,Pre-COVID (2013-2019),6,0,0,0,0,0,0
2019,750 000- 999 999,7,372153.0,388635.0,760788.0,48.91678102178268,51.083218978217324,18015.0,84004.0,21074.0,18666.0,21247.0,21600.0,11180.0,17842.0,44160.0,10863.0,7652.0,9783.0,14318.0,74696.0,21122.0,28218.0,186652.0,40122.0,24027.0,79149.0,6398.0,114.73345792797213,Pre-COVID (2013-2019),6,0,0,0,0,0,0
2019,< 150 000,3,719255.0,1141808.0,1861063.0,38.64753638108973,61.35246361891027,4713.0,12596.0,546000.0,1520.0,4197.0,2965.0,2450.0,1256.0,8647.0,1803.0,545000.0,635000.0,3403.0,33175.0,8103.0,1720.0,22672.0,10119.0,3074.0,5221.0,7429.0,230.64677801540628,Pre-COVID (2013-2019),6,0,0,2,2,2,2
2019,> 1 500 000,9,644385.0,1364245.0,2008630.0,32.08082125627916,67.91917874372085,27851.0,264075.0,255014.0,75826.0,38222.0,55990.0,18380.0,49496.0,83335.0,15723.0,86731.0,16722.0,20904.0,85241.0,61362.0,69125.0,513890.0,64941.0,54761.0,134697.0,16344.000000000002,123.1510206940343,Pre-COVID (2013-2019),6,0,0,2,2,0,0
2020,1 000 000- 1 499 999,8,488213.0,591915.0,1080128.0,45.1995504236535,54.80044957634651,23514.0,122566.0,42962.0,29600.0,27753.0,33774.0,14571.0,27760.0,56710.0,13501.0,16787.0,12626.0,18335.0,81497.0,34505.0,40159.0,277583.0,56208.0,34942.0,105972.0,8803.0,116.64960242862092,COVID (2020-2021),7,1,0,2,2,0,0
2020,150 000- 199 999,3,110791.0,57705.0,168496.0,65.75289621118601,34.24710378881397,6679.0,12780.0,1091.0,1412.0,4664.0,3364.0,2338.0,2522.0,11503.0,1642.0,1119.0,1623.0,4667.0,48844.0,4771.0,3006.0,28862.0,12201.0,3389.0,5609.0,6410.0,140.6797292746318,COVID (2020-2021),7,1,0,0,0,0,0
2020,200 000- 299 999,4,147717.0,798121.0,945838.0,15.617579331767171,84.38242066823283,8749.0,21492.0,1827.0,4148.0,6715.0,4893.0,3883.0,3360.0,13679.0,4256.0,701000.0,2956.0,6911.0,56546.0,8321.0,5772.0,48846.0,17962.0,7370.0,14363.0,2789.0,335.24856472027625,COVID (2020-2021),7,1,0,1,1,1,1
2020,300 000- 499 999,5,206923.0,155390.0,362313.0,57.11166864009848,42.88833135990152,12109.0,32445.0,4177.0,6399.0,9810.0,7910.0,6039.0,7604.0,19264.0,7078.0,1606.0,5039.0,9217.0,63468.0,12376.0,9416.0,79161.0,25100.0,11990.0,28056.0,4049.000000000001,115.25130214550794,COVID (2020-2021),7,1,0,0,0,0,0
2020,500 000- 749 999,6,290169.0,259592.0,549761.0,52.78093571570192,47.219064284298085,15968.0,55119.0,9365.0,11465.0,15363.0,13936.0,8814.0,12474.0,29733.0,9238.0,3491.0,7409.0,12116.0,70720.0,19968.0,17069.0,127752.0,35665.0,17663.0,51724.0,4709.0,112.21580761642498,COVID (2020-2021),7,1,0,0,0,0,0
2020,750 000- 999 999,7,377299.0,388536.0,765835.0,49.26635633001887,50.733643669981134,19287.0,83619.0,18541.0,17986.0,21988.0,22177.0,11514.0,18181.0,43340.0,10868.0,6342.0,9517.0,15224.0,74713.0,24607.0,27673.0,187780.0,45799.0,24231.0,76170.0,6278.0,114.12024134381382,COVID (2020-2021),7,1,0,0,0,0,0
2020,< 150 000,3,101919.0,542661.0,644580.0,15.811691333891837,84.18830866610816,5523.0,10838.0,1681.0,486000.0,2910.0,2059.0,1664.0,12307.0,5167.0,0.0,16000.0,2548.0,4594.0,42740.0,4189.0,2207.0,18836.0,9759.0,1657.0,1565.0,12336.0,332.74262426749124,COVID (2020-2021),7,1,0,1,1,1,1
2020,> 1 500 000,9,678804.0,1321458.0,2000262.0,33.935754416171484,66.06424558382852,30464.0,246700.0,243998.0,65969.0,39025.0,61158.0,19883.0,50271.0,83698.0,16235.0,84110.0,17222.0,22414.0,87686.0,66044.0,68135.0,507477.0,75422.0,55052.0,142259.0,17040.0,120.15102829812233,COVID (2020-2021),7,1,0,2,2,0,0
2021,1 000 000- 1 499 999,8,510536.0,578643.0,1089179.0,46.87347075182316,53.12652924817684,24254.0,113900.0,38487.0,25569.0,32767.000000000004,26882.0,15923.0,30227.0,63626.0,14428.0,12683.0,14191.0,20489.0,83412.0,37102.0,35913.0,282222.0,65325.99999999999,34032.0,107806.0,9940.0,116.9834037115993,COVID (2020-2021),8,1,0,2,2,0,0
2021,150 000- 199 999,3,110509.0,811605.0,922114.0,11.98430996601288,88.01569003398713,5978.0,13259.0,679000.0,1421.0,5089.0,2554.0,2598.0,1078.0,9151.0,2173.0,70000.0,1937.0,5081.0,51384.0,6770.0,2921.0,33145.0,12460.0,3920.0,8496.0,3699.0,333.87930384147154,COVID (2020-2021),8,1,0,1,1,1,1
2021,200 000- 299 999,4,148485.0,809760.0,958245.0,15.495515238795925,84.50448476120408,9257.0,20750.0,1996.0,3499.0,7228.0,3704.0,4166.0,3422.0,13144.0,4433.0,711000.0,3274.0,7109.0,57554.0,9055.0,5217.0,51015.0,18486.0,7346.0,13604.0,2986.0,335.69795256833595,COVID (2020-2021),8,1,0,1,1,1,1
2021,300 000- 499 999,5,210548.0,158650.0,369198.0,57.0284779440842,42.9715220559158,12308.0,31869.0,4470.0,5667.0,10283.0,6670.0,6326.0,8571.0,19772.0,7066.0,1391.0,5204.0,9882.0,63194.0,13629.0,8321.0,83020.0,27491.0,11621.0,27760.0,4683.0,116.45681192106704,COVID (2020-2021),8,1,0,0,0,0,0
2021,500 000- 749 999,6,297836.0,260699.0,558535.0,53.32450070273125,46.67549929726874,16239.0,53215.0,9898.0,10002.0,15623.0,11092.0,9362.0,13993.0,30992.0,9664.0,3189.0,8016.0,12964.0,71049.0,21746.0,15074.0,131952.0,39761.0,17454.0,51220.0,6030.0,113.07681829830194,COVID (2020-2021),8,1,0,0,0,0,0
2021,750 000- 999 999,7,388161.0,387087.0,775248.0,50.06926815677048,49.93073184322952,19192.0,80007.0,18456.0,15820.0,22946.0,17749.0,12349.0,19932.0,45993.0,11512.0,6515.0,10393.0,16582.0,74476.0,26811.0,25048.0,191484.0,51387.0,23648.0,77548.0,7400.0,114.3375073978759,COVID (2020-2021),8,1,0,0,0,0,0
2021,< 150 000,3,2034496.0,2412969.0,4447465.0,45.74507050645705,54.25492949354295,899000.0,15187.0,693000.0,856000.0,11698.0,0.0,1056.0,11397.0,12765.0,0.0,0.0,0.0,375000.0,0.0,10321.0,801000.0,25763.0,5406.0,0.0,680000.0,49872.0,125.9082386372398,COVID (2020-2021),8,1,0,2,2,0,0
2021,> 1 500 000,9,746779.0,1320796.0,2067575.0,36.11859303773745,63.88140696226255,34259.0,234305.0,212687.0,94529.0,96552.0,48755.0,24866.0,56508.0,93355.0,19276.0,51591.0,20737.0,26300.0,93801.0,67099.0,61473.0,502560.0,94763.0,54018.0,156423.0,23718.0,111.64077108075855,COVID (2020-2021),8,1,0,2,2,0,0
2022,1 000 000- 1 499 999,8,522312.0,544436.0,1066748.0,48.963016569986536,51.03698343001346,23287.0,111569.0,28152.0,24477.0,25279.0,30150.0,15974.0,32218.000000000004,64995.00000000001,13882.0,11888.0,14166.0,26965.0,83122.0,37375.0,33985.0,271711.0,61722.0,31796.0,112963.0,11072.0,116.05780656503508,Post-COVID (2022-2025),9,0,1,0,0,0,0
2022,150 000- 199 999,3,978873.0,1155456.0,2134329.0,45.863266628528216,54.13673337147178,5685.0,14039.0,750000.0,1333.0,4456.0,1454.0,3058.0,873000.0,9082.0,2520.0,344000.0,2004.0,5473.0,51170.0,5677.0,2913.0,33038.0,12286.0,4692.0,3947.0,4502.0,244.0416422454205,Post-COVID (2022-2025),9,0,1,2,2,2,2
2022,200 000- 299 999,4,146737.0,1034170.0,1180907.0,12.425787974836291,87.57421202516372,8270.0,21920.0,1266.0,3621.0,7819.0,3965.0,4192.0,3533.0,14308.0,4003.0,932000.0,3432.0,7768.0,55400.0,10841.0,5028.0,51675.0,17759.0,6497.0,14727.0,2883.0,357.7965160525984,Post-COVID (2022-2025),9,0,1,1,1,1,1
2022,300 000- 499 999,5,210508.0,161939.0,372447.0,56.52025657341851,43.4797434265815,11512.0,34198.0,3370.0,6653.0,10105.0,7953.0,6578.0,9032.0,20647.0,6944.0,1549.0,5471.0,11132.0,60915.0,15614.0,8814.0,81636.0,26322.0,11420.0,28287.0,4295.0,112.8486737168458,Post-COVID (2022-2025),9,0,1,0,0,0,0
2022,500 000- 749 999,6,300506.0,256182.0,556688.0,53.98104503779496,46.01895496220504,15827.0,53209.0,7553.0,10999.0,14325.0,13155.0,9354.0,15459.0,31049.0,9607.0,3113.0,8250.0,15110.0,70077.0,23693.0,14509.0,128781.0,37380.0,16866.0,52407.0,5965.0,110.94903968048789,Post-COVID (2022-2025),9,0,1,0,0,0,0
2022,750 000- 999 999,7,392910.0,373927.0,766837.0,51.23774674409294,48.762253255907055,18493.0,78988.0,13812.0,15928.0,20401.0,20350.0,12348.0,21351.0,47111.0,11190.0,5844.0,10459.0,21301.0,73399.0,28252.0,23821.0,186881.0,48892.0,22524.0,77995.0,7497.0,113.10963020563764,Post-COVID (2022-2025),9,0,1,0,0,0,0
2022,< 150 000,3,93670.0,243573.0,337243.0,27.775224393093406,72.22477560690659,3050.0,13591.0,193000.0,1267.0,7422.0,1386.0,1930.0,0.0,10743.0,0.0,0.0,4549.0,7096.0,33627.0,6250.0,2304.0,19739.0,10140.0,3542.0,6055.0,11552.0,235.95450517497883,Post-COVID (2022-2025),9,0,1,1,1,2,2
2022,> 1 500 000,9,803344.0,1188884.0,1992228.0,40.32389867023252,59.67610132976747,34461.0,228803.0,173154.0,56226.0,41630.0,56584.0,27187.0,63832.0,100266.0,20325.0,54176.0,22030.0,36291.0,100276.0,68711.0,60122.0,506062.0,93890.0,52683.0,170938.0,24581.0,115.1187766516602,Post-COVID (2022-2025),9,0,1,2,2,0,0
2023,1 000 000- 1 499 999,8,524011.0,544670.0,1068681.0,49.033434673209314,50.96656532679069,22847.0,109163.0,24644.0,20395.0,25677.0,29459.0,15545.0,29934.0,63464.0,14308.0,12030.0,14018.0,21780.0,94088.0,38280.0,33910.0,280571.0,62518.0,31824.0,113480.0,10746.0,120.24712887053371,Post-COVID (2022-2025),10,0,1,0,0,0,0
2023,150 000- 199 999,3,114745.0,794330.0,909075.0,12.62217088799054,87.37782911200947,5049.0,13952.0,421000.0,1324.0,4842.0,3260.0,3330.0,1555.0,8645.0,1299.0,307000.0,1363.0,5081.0,51784.0,6976.0,3520.0,35716.0,15737.0,3337.0,6969.0,7336.0,251.40723864036875,Post-COVID (2022-2025),10,0,1,1,1,1,1
2023,200 000- 299 999,4,143359.0,868053.0,1011412.0,14.174144661127215,85.82585533887278,7415.0,21300.0,1344.0,3147.0,7371.0,4182.0,4312.0,2822.0,14360.0,4044.0,763000.0,3356.0,7384.0,53812.0,10700.0,5155.0,56036.0,17163.0,5946.0,14490.0,4073.000000000001,341.51822156920986,Post-COVID (2022-2025),10,0,1,1,1,1,1
2023,300 000- 499 999,5,208127.0,168419.0,376546.0,55.272662569778994,44.727337430221006,10946.0,34567.0,3056.0,5549.0,10839.0,7827.0,6404.0,7395.0,20036.0,6741.0,1512.0,5128.0,10387.0,63750.0,15573.0,8915.0,88408.0,26374.0,10335.0,28258.0,4546.0,120.16140246271983,Post-COVID (2022-2025),10,0,1,0,0,0,0
2023,500 000- 749 999,6,302041.0,259106.0,561147.0,53.8256463992501,46.17435360074989,15852.0,50705.0,7218.0,8732.0,13793.0,12350.0,9203.0,14477.0,29784.0,10161.0,3219.0,8228.0,13196.0,77160.0,25579.0,13683.0,136177.0,38006.0,16581.0,50854.0,6189.0,116.91070771213676,Post-COVID (2022-2025),10,0,1,0,0,0,0
2023,750 000- 999 999,7,391334.0,374284.0,765618.0,51.11347956813973,48.88652043186028,18001.0,76737.0,12459.0,13369.0,20164.0,19505.0,11950.0,19800.0,45099.0,11466.0,5552.0,10361.0,17319.0,82745.0,29648.0,22975.0,193380.0,49222.0,22081.0,75887.0,7898.0,117.88021021416056,Post-COVID (2022-2025),10,0,1,0,0,0,0
2023,< 150 000,3,167803.0,143307.0,311110.0,53.93687120311144,46.06312879688856,7609.0,7305.0,0.0,4826.0,9000.0,0.0,1522.0,0.0,6824.0,0.0,0.0,74000.0,12504.0,51800.0,85000.0,2010.0,35166.0,10155.0,0.0,0.0,3389.0,126.33867045978712,Post-COVID (2022-2025),10,0,1,0,0,0,0
2023,> 1 500 000,9,819835.0,1236841.0,2056676.0,39.86213676826102,60.13786323173898,34175.0,233380.0,162213.0,53283.0,39900.0,57237.0,26376.0,59545.0,99480.0,21331.0,82043.0,21959.0,30557.0,113230.0,70960.0,60807.0,534255.0,95917.0,54408.0,183631.0,21989.0,117.3815813177784,Post-COVID (2022-2025),10,0,1,2,2,0,0
2024,1 000 000- 1 499 999,8,544580.0,483595.0,1028175.0,52.96569163809662,47.03430836190337,23407.0,61851.0,21233.0,20143.0,25105.0,37282.0,15250.0,30342.0,61281.0,14051.0,10330.0,13389.0,20554.0,109822.0,39195.0,31546.0,274192.0,65494.0,30473.0,112781.0,10454.0,121.3025913586115,Post-COVID (2022-2025),11,0,1,0,0,0,0
2024,150 000- 199 999,3,438317.0,1815909.0,2254226.0,19.444234961357022,80.55576503864297,6577.0,6060.0,471000.0,979000.0,2008.0,3439.0,2401.0,1348.0,11512.0,170000.0,313000.0,3146.0,5363.0,52136.0,11707.0,3128.0,30006.0,11239.0,149000.0,13771.0,8385.0,217.6599188888449,Post-COVID (2022-2025),11,0,1,1,1,1,1
2024,200 000- 299 999,4,152625.0,490219.0,642844.0,23.742152061775485,76.25784793822451,7469.0,9528.0,1418.0,2359.0,7312.0,6508.0,3760.0,1392.0,15879.0,3181.0,402000.0,3152.0,6957.0,63430.0,10785.0,4578.0,52239.0,15513.0,5329.0,15290.0,4765.0,282.8387862017506,Post-COVID (2022-2025),11,0,1,1,1,1,1
2024,300 000- 499 999,5,218700.0,148395.0,367095.0,59.57585911003963,40.42414088996036,11254.0,17310.0,2679.0,5466.0,9998.0,9596.0,6069.0,7724.0,19762.0,6764.0,1495.0,4905.0,10109.0,75174.0,15344.0,8070.0,88033.0,25208.0,10758.0,27884.0,3493.0,128.82109156205388,Post-COVID (2022-2025),11,0,1,0,0,0,0
2024,500 000- 749 999,6,310117.0,229994.0,540111.0,57.41727163490468,42.58272836509532,15652.0,27311.0,5999.0,8772.0,13604.0,15417.0,9066.0,14001.0,29022.0,9716.0,2989.0,7706.0,12916.0,87649.0,24463.0,12805.0,134051.0,37552.0,16744.0,49126.0,5550.0,121.82286186823804,Post-COVID (2022-2025),11,0,1,0,0,0,0
2024,750 000- 999 999,7,404064.0,331393.0,735457.0,54.9405335730029,45.05946642699709,18415.0,41776.0,10570.0,12807.0,19414.0,24141.0,11828.0,19763.0,43260.0,10893.0,4904.0,9745.0,16458.0,95595.0,29799.0,21061.0,191062.0,50035.0,21842.0,73965.0,8124.000000000001,121.08451257420028,Post-COVID (2022-2025),11,0,1,0,0,0,0
2024,> 1 500 000,9,841353.0,1085099.0,1926452.0,43.67370689744671,56.326293102553294,34645.0,133261.0,135362.0,51044.0,39216.0,71751.0,25003.0,59265.0,95221.0,20256.0,78921.0,20839.0,28356.0,132202.0,71892.0,56694.0,518709.0,96615.0,51841.0,185184.0,20175.0,117.55044990916484,Post-COVID (2022-2025),11,0,1,2,2,0,0
2025,1 000 000- 1 499 999,8,540229.0,545269.0,1085498.0,49.76784848981758,50.23215151018242,24977.0,114178.0,24340.0,23765.0,26209.0,37685.0,15861.0,29902.0,62718.0,14462.0,9320.0,13179.0,23253.0,99119.0,40762.0,32744.0,273951.0,68876.0,31574.0,106789.0,11834.0,115.91182970093658,Post-COVID (2022-2025),12,0,1,0,0,0,0
2025,150 000- 199 999,3,1073155.0,1151787.0,2224942.0,48.23294270142773,51.76705729857227,7366.0,16094.000000000002,79000.0,970000.0,8833.0,3337.0,4039.0,78000.0,14040.0,879000.0,26000.0,3634.0,5691.0,49620.0,10362.0,3422.0,38076.0,17869.0,1470.0,5863.0,3226.0,258.126371849326,Post-COVID (2022-2025),12,0,1,2,2,2,2
2025,200 000- 299 999,4,154979.0,452342.0,607321.0,25.51846552317473,74.48153447682527,8519.0,21817.0,1106.0,2408.0,8000.0,5569.0,4879.0,1966.0,15086.0,4253.0,348000.0,2920.0,7710.0,58756.0,13282.0,5077.0,52652.0,18028.0,5264.0,17074.0,4955.0,258.3282239006127,Post-COVID (2022-2025),12,0,1,1,1,1,1
2025,300 000- 499 999,5,224137.0,165083.0,389220.0,57.58619803709985,42.41380196290016,12267.0,37206.0,2904.0,6557.0,11627.0,9972.0,6273.0,7466.0,20270.0,6904.0,1347.0,4999.0,10955.0,75503.0,16914.0,8840.0,79688.0,27470.0,11420.0,26699.0,3939.0,116.56969329313824,Post-COVID (2022-2025),12,0,1,0,0,0,0
2025,500 000- 749 999,6,316607.0,248923.0,565530.0,55.984121089951024,44.01587891004898,17330.0,53913.0,6366.0,10084.0,14718.0,15669.0,9420.0,14978.0,30165.0,10608.0,2391.0,7921.0,14319.0,86843.0,24931.0,13427.0,123093.0,40123.0,17514.0,46007.0,5710.0,110.6294378081858,Post-COVID (2022-2025),12,0,1,0,0,0,0
2025,750 000- 999 999,7,402308.0,361423.0,763731.0,52.67666233267996,47.32333766732004,19805.0,77406.0,11244.0,14066.0,20438.0,24104.0,12137.0,19991.0,44172.0,11517.0,4208.0,9661.0,18274.0,89871.0,30653.0,21222.0,182186.0,52609.0,22340.0,69596.0,8231.0,113.110681539246,Post-COVID (2022-2025),12,0,1,0,0,0,0
2025,> 1 500 000,9,811763.0,1195550.0,2007313.0,40.440280115756735,59.55971988424327,35079.0,237166.0,148129.0,61016.0,39610.0,71124.0,24591.0,57491.0,97214.0,19891.0,66975.0,19301.0,30891.0,115701.0,75232.0,58640.0,508782.0,97625.0,53030.0,170155.0,19670.0,114.72073643824994,Post-COVID (2022-2025),12,0,1,2,2,0,0
