"Rata?Rata Pengeluaran per Kapita Sebulan di Daerah Perdesaan Menurut Kelompok Barang dan Golongan Pengeluaran per Kapita Sebulan, 2013-2025",,,,,,,,,,,,,,,,,,,,,,,,,,,,,,,,,,,,,,,,,,,,,,,,,,,,,,,,,,,,,,,,,,,,,,,,,,,,,,,,,,,,,,,,,,,,,,,,,,,,,,,,,,,,,,,,,,,,,
,,,,,,,,,,,,,,,,,,,,,,,,,,,,,,,,,,,,,,,,,,,,,,,,,,,,,,,,,,,,,,,,,,,,,,,,,,,,,,,,,,,,,,,,,,,,,,,,,,,,,,,,,,,,,,,,,,,,,
Kelompok Barang,2013,,,,,,,,,2014,,,,,,,,,2015,,,,,,,,,2016,,,,,,,,,2017,,,,,,,,,2018,,,,,,,,,2019,,,,,,,,,2020,,,,,,,,,2021,,,,,,,,,2022,,,,,,,,,2023,,,,,,,,,2024,,,,,,,,,2025,,,,,,,,
,Golongan Pengeluaran per Kapita Sebulan (rupiah),,,,,,,,Rata?Rata per Kapita,Golongan Pengeluaran per Kapita Sebulan (rupiah),,,,,,,,Rata?Rata per Kapita,Golongan Pengeluaran per Kapita Sebulan (rupiah),,,,,,,,Rata?Rata per Kapita,Golongan Pengeluaran per Kapita Sebulan (rupiah),,,,,,,,Rata?Rata per Kapita,Golongan Pengeluaran per Kapita Sebulan (rupiah),,,,,,,,Rata?Rata per Kapita,Golongan Pengeluaran per Kapita Sebulan (rupiah),,,,,,,,Rata?Rata per Kapita,Golongan Pengeluaran per Kapita Sebulan (rupiah),,,,,,,,Rata?Rata per Kapita,Golongan Pengeluaran per Kapita Sebulan (rupiah),,,,,,,,Rata?Rata per Kapita,Golongan Pengeluaran per Kapita Sebulan (rupiah),,,,,,,,Rata?Rata per Kapita,Golongan Pengeluaran per Kapita Sebulan (rupiah),,,,,,,,Rata?Rata per Kapita,Golongan Pengeluaran per Kapita Sebulan (rupiah),,,,,,,,Rata?Rata per Kapita,Golongan Pengeluaran per Kapita Sebulan (rupiah),,,,,,,,Rata?Rata per Kapita,Golongan Pengeluaran per Kapita Sebulan (rupiah),,,,,,,,Rata?Rata per Kapita
,Kurang dari 100 000,100 000- 149 999,150 000- 199 999,200 000- 299 999,300 000- 499 999,500 000- 749 999,750 000- 999 999,1 000 000 dan lebih,,Kurang dari 100 000,100 000- 149 999,150 000- 199 999,200 000- 299 999,300 000- 499 999,500 000- 749 999,750 000- 999 999,1 000 000 dan lebih,,< 150 000,150 000- 199 999,200 000- 299 999,300 000- 499 999,500 000- 749 999,750 000- 999 999,1 000 000- 1 499 999,> 1 500 000,,< 150 000,150 000- 199 999,200 000- 299 999,300 000- 499 999,500 000- 749 999,750 000- 999 999,1 000 000- 1 499 999,> 1 500 000,,< 150 000,150 000- 199 999,200 000- 299 999,300 000- 499 999,500 000- 749 999,750 000- 999 999,1 000 000- 1 499 999,> 1 500 000,,< 150 000,150 000- 199 999,200 000- 299 999,300 000- 499 999,500 000- 749 999,750 000- 999 999,1 000 000- 1 499 999,> 1 500 000,,< 150 000,150 000- 199 999,200 000- 299 999,300 000- 499 999,500 000- 749 999,750 000- 999 999,1 000 000- 1 499 999,> 1 500 000,,< 150 000,150 000- 199 999,200 000- 299 999,300 000- 499 999,500 000- 749 999,750 000- 999 999,1 000 000- 1 499 999,> 1 500 000,,< 150 000,150 000- 199 999,200 000- 299 999,300 000- 499 999,500 000- 749 999,750 000- 999 999,1 000 000- 1 499 999,> 1 500 000,,< 150 000,150 000- 199 999,200 000- 299 999,300 000- 499 999,500 000- 749 999,750 000- 999 999,1 000 000- 1 499 999,> 1 500 000,,< 150 000,150 000- 199 999,200 000- 299 999,300 000- 499 999,500 000- 749 999,750 000- 999 999,1 000 000- 1 499 999,> 1 500 000,,< 150 000,150 000- 199 999,200 000- 299 999,300 000- 499 999,500 000- 749 999,750 000- 999 999,1 000 000- 1 499 999,> 1 500 000,,< 150 000,150 000- 199 999,200 000- 299 999,300 000- 499 999,500 000- 749 999,750 000- 999 999,1 000 000- 1 499 999,> 1 500 000,
Makanan,,,,,,,,,,,,,,,,,,,,,,,,,,,,,,,,,,,,,,,,,,,,,,,,,,,,,,,,,,,,,,,,,,,,,,,,,,,,,,,,,,,,,,,,,,,,,,,,,,,,,,,,,,,,,,,,,,,,,
Padi-padian,29 722,43 372,47 289,52 588,59 869,70 880,77 894,77 337,62 449,25 714,39 146,46 376,53 929,62 374,72 999,77 956,78 774,66 376,35 364,46 338,55 830,68 305,76 896,86 921,93 386,107 680,75 260,"21,369","42,515","52,212","61,282","73,432","80,901","86,707","95,444","71,390","36,259","42,556","51,740","60,550","67,505","75,125","79,598","83,501","68,895","37,456","45,973","52,564","63,368","71,107","78,718","86,682","89,401","74,362","33,175","46,494","53,600","61,655","69,081","74,696","81,712","85,241","72,142","42,740","48,844","56,546","63,468","70,720","74,713","81,497","87,686","74,107",,"51,384","57,554","63,194","71,049","74,476","83,412","93,801","76,008","33,627","51,170","55,400","60,915","70,077","73,399","83,122","100,276","77,167","51,800","51,784","53,812","63,750","77,160","82,745","94,088","113,230","87,969",,"52,136","63,430","75,174","87,649","95,595","109,822","132,202","103,512",,"49,620","58,756","75,503","86,843","89,871","99,119","115,701","96,924"
Umbi-umbian,3 302,3 226,3 596,3 010,3 598,4 111,5 157,6 505,3 886,18 214,3 858,3 835,3 172,3 877,4 471,5 985,8 619,4 570,8 884,4 678,3 503,4 009,5 017,5 971,7 545,11 177,5 135,"13,549","1,694","3,171","3,749","3,195","9,045","11,552","11,567","5,663","3,141","3,748","3,587","3,792","4,808","7,063","10,567","16,535","6,611","5,144","2,627","3,400","4,151","4,342","6,415","9,007","14,336","6,430","7,429","3,935","3,060","4,081","4,392","6,398","9,234","16,344","6,811","12,336","6,410","2,789","4,049","4,709","6,278","8,803","17,040","7,189","49,872","3,699","2,986","4,683","6,030","7,400","9,940","23,718","9,323","11,552","4,502","2,883","4,295","5,965","7,497","11,072","24,581","10,178","3,389","7,336","4,073","4,546","6,189","7,898","10,746","21,989","10,532",,"8,385","4,765","3,493","5,550","8,124","10,454","20,175","10,338",,"3,226","4,955","3,939","5,710","8,231","11,834","19,670","11,146"
Ikan,5 300,7 975,9 183,13 818,21 724,33 282,46 920,58 329,26 150,9 643,8 037,9 762,14 333,23 773,34 154,47 907,59 406,30 307,5 867,8 353,12 523,21 100,30 075,41 912,53 783,82 815,30 701,"10,944","7,668","11,711","18,019","29,613","40,912","52,776","77,118","31,313","3,778","8,939","11,825","19,393","32,375","44,290","58,362","83,559","37,402","7,621","8,907","12,048","18,872","31,058","43,916","56,783","82,640","39,246","8,647","9,159","12,918","19,229","31,062","44,160","57,720","83,335","40,898","5,167","11,503","13,679","19,264","29,733","43,340","56,710","83,698","42,156","12,765","9,151","13,144","19,772","30,992","45,993","63,626","93,355","47,505","10,743","9,082","14,308","20,647","31,049","47,111","64,995","100,266","51,512","6,824","8,645","14,360","20,036","29,784","45,099","63,464","99,480","53,679",,"11,512","15,879","19,762","29,022","43,260","61,281","95,221","53,822",,"14,040","15,086","20,270","30,165","44,172","62,718","97,214","57,426"
Daging,–,169,1 096,2 354,5 599,11 667,19 919,29 372,8 621,–,304,1 206,2 604,5 620,11 622,20 023,33 254,10 583,619,968,2 165,5 186,10 520,18 807,29 832,56 336,12 437,"2,194","1,288","2,481","5,292","10,638","17,979","29,321","52,337","13,774",197,"1,284","3,429","7,666","12,816","20,075","31,796","55,826","18,150","1,412","1,055","2,683","6,610","11,067","16,525","25,676","46,139","16,617","1,256","3,388","3,412","7,169","12,065","17,842","27,355","49,496","18,592","12,307","2,522","3,360","7,604","12,474","18,181","27,760","50,271","20,211","11,397","1,078","3,422","8,571","13,993","19,932","30,227","56,508","23,498",,873,"3,533","9,032","15,459","21,351","32,218","63,832","27,243",,"1,555","2,822","7,395","14,477","19,800","29,934","59,545","27,294",,"1,348","1,392","7,724","14,001","19,763","30,342","59,265","28,622",,78,"1,966","7,466","14,978","19,991","29,902","57,491","29,771"
Telur dan susu,263,1 451,3 159,5 834,10 517,18 207,28 216,41 766,14 168,–,2 194,2 810,5 697,10 748,18 574,28 086,41 150,16 310,1 472,3 171,5 538,10 425,17 263,26 901,39 533,71 768,19 042,"2,131","3,833","5,776","9,939","17,229","25,139","36,414","63,478","19,835","2,379","3,439","6,122","11,036","16,951","24,241","34,815","54,692","21,435","1,600","2,954","6,605","11,081","16,491","24,079","34,309","56,398","23,174","3,074","3,310","6,418","11,680","17,096","24,027","34,482","54,761","24,093","1,657","3,389","7,370","11,990","17,663","24,231","34,942","55,052","25,761",,"3,920","7,346","11,621","17,454","23,648","34,032","54,018","26,200","3,542","4,692","6,497","11,420","16,866","22,524","31,796","52,683","26,305",,"3,337","5,946","10,335","16,581","22,081","31,824","54,408","28,086",,149,"5,329","10,758","16,744","21,842","30,473","51,841","28,386",,"1,470","5,264","11,420","17,514","22,340","31,574","53,030","30,457"
Sayur-sayuran,6 430,10 302,13 943,19 764,27 790,36 332,45 149,51 450,29 985,–,10 635,12 854,18 290,25 912,33 598,41 409,48 399,29 957,8 486,10 381,14 910,21 215,27 201,35 325,42 647,57 018,27 277,"10,059","11,024","16,122","23,310","32,906","42,381","51,286","67,551","33,756","9,424","13,086","18,089","25,465","37,224","48,923","60,568","78,867","41,517","8,515","13,060","17,071","24,316","33,629","43,021","51,591","65,058","38,628","10,119","11,719","16,346","22,555","31,562","40,122","48,245","64,941","37,369","9,759","12,201","17,962","25,100","35,665","45,799","56,208","75,422","44,303","5,406","12,460","18,486","27,491","39,761","51,387","65,326","94,763","52,793","10,140","12,286","17,759","26,322","37,380","48,892","61,722","93,890","52,598","10,155","15,737","17,163","26,374","38,006","49,222","62,518","95,917","56,276",,"11,239","15,513","25,208","37,552","50,035","65,494","96,615","59,021",,"17,869","18,028","27,470","40,123","52,609","68,876","97,625","63,526"
Kacang-kacangan,1 303,2 569,3 791,5 733,8 112,9 951,11 159,12 576,8 268,–,3 202,4 075,6 018,8 131,10 911,12 676,13 844,9 381,2 001,3 066,5 182,7 173,9 329,11 889,14 608,18 392,9 238,453,"3,924","4,911","6,895","9,177","11,149","13,520","16,977","9,280","2,405","2,942","4,955","7,171","9,376","12,153","14,793","17,451","10,401","2,524","3,319","4,934","7,585","9,201","11,185","13,834","16,090","10,478","1,803","2,017","4,477","7,120","9,026","10,863","13,400","15,723","10,344",,"1,642","4,256","7,078","9,238","10,868","13,501","16,235","10,770",,"2,173","4,433","7,066","9,664","11,512","14,428","19,276","11,865",,"2,520","4,003","6,944","9,607","11,190","13,882","20,325","12,199",,"1,299","4,044","6,741","10,161","11,466","14,308","21,331","13,226",,170,"3,181","6,764","9,716","10,893","14,051","20,256","13,080",,879,"4,253","6,904","10,608","11,517","14,462","19,891","13,813"
Buah-buahan,1 931,2 374,3 249,5 149,8 931,15 933,25 214,38 802,12 528,–,1 715,3 003,5 499,9 500,16 520,26 847,43 139,15 366,1 756,2 818,4 530,8 572,13 745,22 684,33 985,63 504,15 933,"2,261","2,306","3,365","6,372","11,718","18,168","28,282","51,948","14,374","1,423","2,673","4,207","7,172","12,934","20,024","30,267","51,728","17,574","1,442","3,030","4,830","8,207","14,452","21,989","33,539","60,876","21,808","2,965","2,986","4,877","7,678","13,892","21,600","32,920","55,990","21,701","2,059","3,364","4,893","7,910","13,936","22,177","33,774","61,158","24,031",,"2,554","3,704","6,670","11,092","17,749","26,882","48,755","20,197","1,386","1,454","3,965","7,953","13,155","20,350","30,150","56,584","24,646",,"3,260","4,182","7,827","12,350","19,505","29,459","57,237","26,212",,"3,439","6,508","9,596","15,417","24,141","37,282","71,751","34,539",,"3,337","5,569","9,972","15,669","24,104","37,685","71,124","36,370"
Minyak dan lemak,2 505,4 077,5 577,8 035,10 748,13 383,16 264,18 655,11 376,3 214,5 116,5 612,7 910,11 812,14 567,17 329,19 267,12 972,4 880,5 683,8 477,11 646,13 646,17 078,20 226,26 005,13 837,"4,617","4,993","7,069","9,503","12,892","16,123","19,111","24,251","13,101","3,973","4,801","6,868","9,133","12,905","16,190","19,124","23,457","13,803","3,255","4,907","7,098","9,380","12,368","15,301","18,087","21,811","13,890","3,403","4,738","6,475","8,700","11,627","14,318","17,274","20,904","13,381","4,594","4,667","6,911","9,217","12,116","15,224","18,335","22,414","14,591",375,"5,081","7,109","9,882","12,964","16,582","20,489","26,300","16,539","7,096","5,473","7,768","11,132","15,110","21,301","26,965","36,291","21,824","12,504","5,081","7,384","10,387","13,196","17,319","21,780","30,557","19,213",,"5,363","6,957","10,109","12,916","16,458","20,554","28,356","18,710",,"5,691","7,710","10,955","14,319","18,274","23,253","30,891","21,337"
Bahan minuman,1 527,4 745,6 686,8 858,12 292,16 422,19 729,22 244,13 332,17 143,4 879,6 397,8 715,11 822,15 902,19 500,21 958,13 939,5 082,6 411,8 296,11 880,15 660,20 200,24 633,31 847,15 515,"4,310","6,012","8,473","11,572","15,954","19,976","24,673","31,764","16,348","4,567","6,793","8,777","11,990","15,696","19,787","24,258","31,346","17,421","4,065","6,451","9,071","12,818","15,621","19,031","22,778","28,766","17,815","4,713","6,812","8,512","12,043","15,152","18,015","21,780","27,851","17,383","5,523","6,679","8,749","12,109","15,968","19,287","23,514","30,464","19,042",899,"5,978","9,257","12,308","16,239","19,192","24,254","34,259","20,278","3,050","5,685","8,270","11,512","15,827","18,493","23,287","34,461","20,389","7,609","5,049","7,415","10,946","15,852","18,001","22,847","34,175","21,010",,"6,577","7,469","11,254","15,652","18,415","23,407","34,645","21,930",,"7,366","8,519","12,267","17,330","19,805","24,977","35,079","23,837"
Bumbu-bumbuan,1 466,1 983,2 693,4 218,5 971,7 818,9 721,11 477,6 454,3 214,2 260,2 804,4 063,6 125,8 242,10 366,11 874,7 209,2 143,2 883,4 164,6 346,8 237,10 728,13 626,21 285,8 433,"2,419","3,304","4,207","6,219","8,799","11,475","14,138","17,951","9,082","2,453","2,749","3,759","5,440","8,194","10,841","13,802","17,910","9,210","2,192","3,056","4,086","6,044","8,763","11,148","13,973","17,853","10,157","2,450","2,887","4,034","5,891","8,680","11,180","14,033","18,380","10,430","1,664","2,338","3,883","6,039","8,814","11,514","14,571","19,883","11,236","1,056","2,598","4,166","6,326","9,362","12,349","15,923","24,866","12,923","1,930","3,058","4,192","6,578","9,354","12,348","15,974","27,187","13,898","1,522","3,330","4,312","6,404","9,203","11,950","15,545","26,376","14,340",,"2,401","3,760","6,069","9,066","11,828","15,250","25,003","14,410",,"4,039","4,879","6,273","9,420","12,137","15,861","24,591","15,172"
Konsumsi lainnya,132,1 483,2 220,3 622,5 391,8 127,10 209,12 335,6 241,–,1 765,2 456,3 837,5 420,8 390,10 644,12 704,7 050,1 494,2 265,3 484,5 679,8 373,11 656,14 983,19 473,8 325,"1,381","2,428","3,379","5,350","8,047","11,103","14,091","18,257","8,483","2,716","2,519","3,685","5,852","8,531","11,795","15,441","19,474","9,941","1,143","2,295","3,342","5,457","7,683","10,438","13,520","17,171","9,427",635,"1,370","2,945","5,132","7,334","9,783","12,845","16,722","9,206","2,548","1,623","2,956","5,039","7,409","9,517","12,626","17,222","9,545",,"1,937","3,274","5,204","8,016","10,393","14,191","20,737","11,036","4,549","2,004","3,432","5,471","8,250","10,459","14,166","22,030","11,825",74,"1,363","3,356","5,128","8,228","10,361","14,018","21,959","12,407",,"3,146","3,152","4,905","7,706","9,745","13,389","20,839","12,182",,"3,634","2,920","4,999","7,921","9,661","13,179","19,301","12,248"
Makanan dan minuman jadi,2 839,5 771,11 272,22 015,42 044,72 897,98 035,155 297,54 331,–,8 094,12 329,22 298,42 489,75 187,109 596,160 996,64 593,6 858,13 701,24 968,46 854,76 752,105 373,129 387,204 387,73 906,"4,629","15,700","24,243","46,046","79,600","111,507","157,898","252,265","87,296","12,751","18,927","32,720","58,375","96,072","141,070","192,672","281,488","118,177","13,789","19,128","34,874","61,481","100,357","142,980","195,833","287,327","131,151","8,277","17,043","35,456","62,672","101,297","146,538","199,389","291,089","137,750","5,449","20,178","33,277","60,748","98,254","141,456","196,076","290,545","141,710",,"14,817","30,500","53,997","89,353","131,187","184,754","288,992","139,073","4,905","20,477","31,403","58,134","94,325","137,533","190,814","313,908","154,644",32,"10,056","31,463","58,238","93,612","136,532","189,776","320,056","166,056",,"16,711","30,112","58,826","95,059","135,247","192,556","312,009","172,234",,"9,581","25,737","61,622","99,687","139,362","192,190","311,214","181,387"
Tembakau dan sirih,4 203,6 861,11 544,20 179,34 693,55 336,75 342,88 361,41 323,–,6 463,10 211,19 423,35 422,57 799,78 332,98 766,48 125,4 655,8 718,17 920,36 344,58 763,74 011,80 948,103 177,51 795,"7,088","9,813","17,951","35,771","62,964","86,242","107,976","143,667","63,405","4,671","9,274","17,027","34,281","58,773","84,801","108,113","136,768","67,391","3,808","8,380","14,345","28,708","51,866","76,959","103,610","131,970","66,376","5,221","7,941","15,319","29,880","53,260","79,149","106,881","134,697","70,654","1,565","5,609","14,363","28,056","51,724","76,170","105,972","142,259","73,422",680,"8,496","13,604","27,760","51,220","77,548","107,806","156,423","78,705","6,055","3,947","14,727","28,287","52,407","77,995","112,963","170,938","86,659",,"6,969","14,490","28,258","50,854","75,887","113,480","183,631","94,661",,"13,771","15,290","27,884","49,126","73,965","112,781","185,184","98,253",,"5,863","17,074","26,699","46,007","69,596","106,789","170,155","96,053"
Jumlah Makanan,60 923,96 358,125 298,175 177,257 279,374 346,488 928,624 506,299 112,77 142,97 668,123 730,175 788,263 026,382 936,506 656,652 150,336 738,89 561,119 434,171 490,264 734,371 477,489 456,599 122,874 864,366 834,"87,403","116,503","165,070","249,320","376,166","502,100","647,744","924,577","397,100","90,138","123,730","176,790","267,314","394,160","536,379","694,177","952,601","457,927","93,967","125,141","176,952","268,079","388,006","521,706","679,221","935,837","479,558","93,166","123,799","177,851","265,487","385,526","518,694","677,268","935,475","490,754","107,368","130,968","180,994","267,669","388,423","518,753","684,290","969,351","518,073","82,450","125,326","178,986","264,546","387,187","519,349","695,291","1,035,769","545,942","98,576","127,221","178,140","268,642","394,829","530,443","713,126","1,117,252","591,087","93,910","124,800","174,823","266,364","395,654","527,866","713,785","1,139,892","630,962",,"136,347","182,737","277,526","405,176","539,311","737,138","1,153,361","669,039",,"126,693","180,716","285,759","416,296","541,668","732,420","1,122,979","689,466"
,,,,,,,,,,,,,,,,,,,,,,,,,,,,,,,,,,,,,,,,,,,,,,,,,,,,,,,,,,,,,,,,,,,,,,,,,,,,,,,,,,,,,,,,,,,,,,,,,,,,,,,,,,,,,,,,,,,,,
Bukan Makanan,,,,,,,,,,,,,,,,,,,,,,,,,,,,,,,,,,,,,,,,,,,,,,,,,,,,,,,,,,,,,,,,,,,,,,,,,,,,,,,,,,,,,,,,,,,,,,,,,,,,,,,,,,,,,,,,,,,,,
"Perumahan, bahan bakar, penerangan, air",12 578,21 021,28 824,39 739,63 217,103 163,152 254,240 924,83 351,2 167,21 547,29 384,40 976,61 320,103 128,148 288,256 279,94 718,26 984,35 562,49 879,76 757,137 681,207 931,302 858,609 557,150 205,"29,826","37,354","55,026","87,106","139,230","203,624","290,213","527,450","163,511","22,476","31,200","45,590","74,274","117,981","173,633","251,830","459,065","156,612","22,303","31,096","48,234","78,806","126,138","184,177","272,321","502,637","184,318","22,672","31,689","49,618","79,474","128,031","186,652","277,500","513,890","194,244","18,836","28,862","48,846","79,161","127,752","187,780","277,583","507,477","205,502","25,763","33,145","51,015","83,020","131,952","191,484","282,222","502,560","218,188","19,739","33,038","51,675","81,636","128,781","186,881","271,711","506,062","226,439","35,166","35,716","56,036","88,408","136,177","193,380","280,571","534,255","255,140",,"30,006","52,239","88,033","134,051","191,062","274,192","518,709","261,076",,"38,076","52,652","79,688","123,093","182,186","273,951","508,782","266,270"
Barang dan jasa,4 619,8 227,12 215,19 115,34 248,60 010,86 698,169 814,48 231,5 167,9 529,13 294,21 337,35 615,64 502,98 155,182 622,60 039,5 910,8 937,12 042,18 034,30 847,46 333,69 315,179 460,36 000,"5,425","8,822","12,723","19,442","30,659","43,797","64,869","164,403","38,736","5,406","6,714","9,556","14,257","24,426","36,168","53,847","121,954","34,324","5,023","7,777","10,529","16,000","27,883","42,551","62,062","139,245","43,684","12,596","16,962","23,221","32,790","55,777","84,004","123,381","264,075","89,268","10,838","12,780","21,492","32,445","55,119","83,619","122,566","246,700","92,737","15,187","13,259","20,750","31,869","53,215","80,007","113,900","234,305","92,658","13,591","14,039","21,920","34,198","53,209","78,988","111,569","228,803","97,026","7,305","13,952","21,300","34,567","50,705","76,737","109,163","233,380","103,945",,"6,060","9,528","17,310","27,311","41,776","61,851","133,261","61,232",,"16,094","21,817","37,206","53,913","77,406","114,178","237,166","118,093"
Biaya pendidikan,2 255,5 644,6 904,8 914,12 782,19 363,25 806,38 360,15 710,1 500,5 729,7 739,9 010,11 239,17 918,22 818,35 080,15 864,5 486,6 992,8 534,10 838,15 616,21 022,28 061,52 220,16 488,"3,860","7,066","9,331","12,907","17,476","20,171","26,142","45,780","18,228","8,594","6,485","8,420","11,090","17,098","22,272","27,951","42,652","19,362","4,667","6,629","7,156","9,451","15,429","21,073","26,406","37,991","18,820","4,197","6,596","7,881","9,375","15,071","21,247","26,875","38,222","19,431","2,910","4,664","6,715","9,810","15,363","21,988","27,753","39,025","20,831","11,698","5,089","7,228","10,283","15,623","22,946","32,767","96,552","39,578","7,422","4,456","7,819","10,105","14,325","20,401","25,279","41,630","21,785",9,"4,842","7,371","10,839","13,793","20,164","25,677","39,900","22,765",,"2,008","7,312","9,998","13,604","19,414","25,105","39,216","23,003",,"8,833","8,000","11,627","14,718","20,438","26,209","39,610","24,823"
Biaya kesehatan,207,1 557,2 560,3 783,7 107,14 747,26 569,100 731,15 468,–,1 834,2 265,3 803,6 711,13 277,24 246,99 962,18 133,1 263,2 211,3 852,5 699,11 372,19 221,33 629,89 784,14 895,"1,055","2,514","3,620","6,489","11,550","17,822","28,198","79,394","15,823","1,633","2,405","3,961","6,690","11,192","18,562","29,756","78,108","18,446","1,787","2,514","4,096","6,512","11,357","18,911","31,159","78,838","21,232","1,520","2,609","4,130","6,805","12,029","18,666","31,326","75,826","22,092",486,"1,412","4,148","6,399","11,465","17,986","29,600","65,969","21,965",856,"1,421","3,499","5,667","10,002","15,820","25,569","94,529","34,364","1,267","1,333","3,621","6,653","10,999","15,928","24,477","56,226","21,676","4,826","1,324","3,147","5,549","8,732","13,369","20,395","53,283","20,792",,979,"2,359","5,466","8,772","12,807","20,143","51,044","21,374",,970,"2,408","6,557","10,084","14,066","23,765","61,016","26,614"
"Pakaian, alas kaki, dan tutup kepala",498,1 513,2 248,3 110,5 573,11 321,19 516,37 337,9 264,5 083,1 313,2 321,3 001,5 245,10 033,17 071,39 580,10 399,2 946,4 615,6 739,10 591,18 281,27 079,38 449,76 176,19 654,"2,589","5,256","7,609","12,310","19,672","26,548","37,967","70,067","22,157","3,791","4,675","6,831","10,515","18,815","27,859","39,211","67,754","24,104","3,196","4,024","6,033","9,333","17,617","27,766","39,579","69,054","25,877","1,720","3,655","6,416","9,629","17,886","28,218","40,427","69,125","27,271","2,207","3,006","5,772","9,416","17,069","27,673","40,159","68,135","28,398",801,"2,921","5,217","8,321","15,074","25,048","35,913","61,473","26,705","2,304","2,913","5,028","8,814","14,509","23,821","33,985","60,122","27,264","2,010","3,520","5,155","8,915","13,683","22,975","33,910","60,807","29,176",,"3,128","4,578","8,070","12,805","21,061","31,546","56,694","28,434",,"3,422","5,077","8,840","13,427","21,222","32,744","58,640","30,880"
Barang yang tahan lama,230,335,658,1 510,3 697,12 241,32 409,232 581,22 276,–,337,845,1 230,2 881,9 239,21 129,179 500,22 169,412,823,1 815,4 428,12 503,30 986,68 599,449 588,34 780,704,888,"1,775","4,230","11,010","24,188","57,681","333,501","33,104",573,993,"2,287","5,658","12,202","25,114","54,714","295,221","38,527",276,972,"1,839","4,859","10,388","21,441","50,963","278,860","43,162",546,809,"2,036","4,580","10,543","21,074","48,795","255,014","42,859","1,681","1,091","1,827","4,177","9,365","18,541","42,962","243,998","45,138",693,679,"1,996","4,470","9,898","18,456","38,487","212,687","44,883",193,750,"1,266","3,370","7,553","13,812","28,152","173,154","39,660",,421,"1,344","3,056","7,218","12,459","24,644","162,213","41,890",,471,"1,418","2,679","5,999","10,570","21,233","135,362","38,481",,79,"1,106","2,904","6,366","11,244","24,340","148,129","45,984"
Pajak pemakaian dan premi asuransi,513,595,1 081,1 811,3 527,6 731,10 366,24 047,5 586,83,706,1 032,1 932,3 183,6 496,11 056,26 813,6 750,1 016,1 378,2 385,3 894,7 039,11 548,20 291,58 670,9 385,"1,371","2,748","3,816","5,531","8,557","12,318","20,419","50,465","11,403","3,470","5,154","6,850","10,842","13,586","18,064","26,538","59,303","18,436","3,360","5,379","6,249","10,680","14,797","18,941","27,141","57,635","20,462","8,103","6,716","7,818","11,665","16,936","21,122","30,024","61,362","23,322","4,189","4,771","8,321","12,376","19,968","24,607","34,505","66,044","27,759","10,321","6,770","9,055","13,629","21,746","26,811","37,102","67,099","30,787","6,250","5,677","10,841","15,614","23,693","28,252","37,375","68,711","33,744",85,"6,976","10,700","15,573","25,579","29,648","38,280","70,960","37,192",,"11,707","10,785","15,344","24,463","29,799","39,195","71,892","38,790",,"10,362","13,282","16,914","24,931","30,653","40,762","75,232","41,954"
Keperluan pesta dan upacara,–,541,481,629,1 747,4 419,13 054,55 613,6 463,–,128,289,642,1 650,3 168,5 594,62 418,7 775,313,417,1 055,2 127,4 957,10 267,24 286,126 095,11 173,290,782,"1,189","2,348","4,911","9,369","18,821","99,024","11,205",698,511,"1,066","2,329","4,295","8,586","18,756","93,960","12,855",288,330,890,"1,851","3,799","8,315","18,537","92,400","14,993",545,474,842,"1,699","3,796","7,652","18,327","86,731","15,110",16,"1,119",701,"1,606","3,491","6,342","16,787","84,110","16,088",,70,711,"1,391","3,189","6,515","12,683","51,591","12,282",,344,932,"1,549","3,113","5,844","11,888","54,176","13,677",,307,763,"1,512","3,219","5,552","12,030","82,043","20,812",,313,402,"1,495","2,989","4,904","10,330","78,921","21,516",,26,348,"1,347","2,391","4,208","9,320","66,975","20,044"
Jumlah Bukan Makanan,20 900,39 433,54 972,78 612,131 899,231 994,366 672,899 407,206 349,14 000,41 123,57 169,81 931,127 844,227 761,348 357,882 254,235 848,44 330,60 936,86 301,132 368,238 296,374 387,585 489,1641 552,292 580,"45,119","65,430","95,090","150,362","243,066","357,838","544,310","1,370,084","314,166","46,642","58,137","84,561","135,654","219,594","330,258","502,603","1,218,017","322,666","40,900","58,720","85,027","137,491","227,408","343,174","528,167","1,256,660","372,548","46,182","60,305","89,950","139,839","232,969","348,722","538,454","1,250,198","392,075","37,767","51,629","86,958","139,180","232,764","348,562","534,562","1,216,465","415,622","52,765","56,844","88,745","142,699","235,073","348,321","520,307","1,129,714","425,503","42,078","56,759","91,662","145,181","230,857","337,598","494,680","1,091,029","437,809","44,566","60,890","95,299","152,031","236,581","340,751","498,599","1,143,659","488,157",,"54,672","88,622","148,395","229,996","331,392","483,595","1,085,099","493,906",,"68,059","94,282","146,900","224,121","326,919","495,296","1,094,924","523,225"
,,,,,,,,,,,,,,,,,,,,,,,,,,,,,,,,,,,,,,,,,,,,,,,,,,,,,,,,,,,,,,,,,,,,,,,,,,,,,,,,,,,,,,,,,,,,,,,,,,,,,,,,,,,,,,,,,,,,,
Jumlah,81 823,135 791,180 270,253 789,389 178,606 340,855 600,1523 913,505 461,91 142,138 791,180 899,257 719,390 870,610 697,855 013,1534 404,572 586,133 891,180 370,257 791,397 102,609 773,863 843,1184 611,2516 416,659 414,"132,522","181,933","260,160","399,681","619,232","859,938","1,192,054","2,294,660","711,266","136,780","181,867","261,351","402,968","613,754","866,637","1,196,780","2,170,618","780,593","134,867","183,861","261,979","405,570","615,414","864,880","1,207,388","2,192,498","852,105","139,348","184,104","267,801","405,326","618,495","867,416","1,215,722","2,185,673","882,829","145,135","182,598","267,953","406,850","621,187","867,315","1,218,852","2,185,816","933,695","135,215","182,169","267,730","407,246","622,261","867,670","1,215,598","2,165,483","971,445","140,654","183,980","269,803","413,823","625,685","868,041","1,207,806","2,208,281","1,028,896","138,476","185,691","270,122","418,395","632,235","868,617","1,212,384","2,283,551","1,119,119",,"191,020","271,359","425,921","635,172","870,703","1,220,733","2,238,460","1,162,944",,"194,752","274,998","432,659","640,417","868,588","1,227,716","2,217,904","1,212,690"
,,,,,,,,,,,,,,,,,,,,,,,,,,,,,,,,,,,,,,,,,,,,,,,,,,,,,,,,,,,,,,,,,,,,,,,,,,,,,,,,,,,,,,,,,,,,,,,,,,,,,,,,,,,,,,,,,,,,,
"Diolah dari Hasil Survei Sosial Ekonomi Nasional (Susenas) Triwulan I-2014, BPS",,,,,,,,,,,,,,,,,,,,,,,,,,,,,,,,,,,,,,,,,,,,,,,,,,,,,,,,,,,,,,,,,,,,,,,,,,,,,,,,,,,,,,,,,,,,,,,,,,,,,,,,,,,,,,,,,,,,,
Sumber : Publikasi Statistik Indonesia,,,,,,,,,,,,,,,,,,,,,,,,,,,,,,,,,,,,,,,,,,,,,,,,,,,,,,,,,,,,,,,,,,,,,,,,,,,,,,,,,,,,,,,,,,,,,,,,,,,,,,,,,,,,,,,,,,,,,
